-- MySQL dump 10.13  Distrib 8.0.26, for Win64 (x86_64)
--
-- Host: 127.0.0.1    Database: library
-- ------------------------------------------------------
-- Server version	8.0.26

/*!40101 SET @OLD_CHARACTER_SET_CLIENT=@@CHARACTER_SET_CLIENT */;
/*!40101 SET @OLD_CHARACTER_SET_RESULTS=@@CHARACTER_SET_RESULTS */;
/*!40101 SET @OLD_COLLATION_CONNECTION=@@COLLATION_CONNECTION */;
/*!50503 SET NAMES utf8 */;
/*!40103 SET @OLD_TIME_ZONE=@@TIME_ZONE */;
/*!40103 SET TIME_ZONE='+00:00' */;
/*!40014 SET @OLD_UNIQUE_CHECKS=@@UNIQUE_CHECKS, UNIQUE_CHECKS=0 */;
/*!40014 SET @OLD_FOREIGN_KEY_CHECKS=@@FOREIGN_KEY_CHECKS, FOREIGN_KEY_CHECKS=0 */;
/*!40101 SET @OLD_SQL_MODE=@@SQL_MODE, SQL_MODE='NO_AUTO_VALUE_ON_ZERO' */;
/*!40111 SET @OLD_SQL_NOTES=@@SQL_NOTES, SQL_NOTES=0 */;

--
-- Table structure for table `authors`
--

DROP TABLE IF EXISTS `authors`;
/*!40101 SET @saved_cs_client     = @@character_set_client */;
/*!50503 SET character_set_client = utf8mb4 */;
CREATE TABLE `authors` (
  `code_author` int NOT NULL AUTO_INCREMENT,
  `name_author` varchar(40) CHARACTER SET utf8 COLLATE utf8_general_ci NOT NULL,
  `birthday` date DEFAULT NULL,
  PRIMARY KEY (`code_author`)
) ENGINE=InnoDB AUTO_INCREMENT=56 DEFAULT CHARSET=utf8mb4 COLLATE=utf8mb4_0900_ai_ci;
/*!40101 SET character_set_client = @saved_cs_client */;

--
-- Dumping data for table `authors`
--

LOCK TABLES `authors` WRITE;
/*!40000 ALTER TABLE `authors` DISABLE KEYS */;
INSERT INTO `authors` VALUES (1,'Александр Беляев','1884-03-16'),(2,'Александр Блок','1880-11-28'),(3,'Александр Грибоедов','1795-01-15'),(4,'Александр Грин','1880-08-23'),(5,'Александр Дюма','1802-07-24'),(6,'Александр Куприн','1870-09-07'),(7,'Александр Островский','1823-04-12'),(8,'Александр Пушкин','1799-06-06'),(9,'Алексей Толстой','1883-01-10'),(10,'Андрей Вознесенский','1933-05-12'),(11,'Анна Ахматова','1889-06-23'),(12,'Антон Чехов','1860-01-29'),(13,'Антуан де','1900-06-29'),(14,'Арсений Тарковский','1907-06-25'),(15,'Артур Конан','1859-05-22'),(16,'Афанасий Фет','1820-05-12'),(17,'Борис Васильев','1924-05-21'),(18,'Борис Пастернак','1890-02-10'),(19,'Валентин Катаев','1897-01-28'),(20,'Вениамин Каверин','1902-04-19'),(21,'Владимир Высоцкий','1938-01-25'),(22,'Владимир Гиляровский','1855-12-08'),(23,'Владимир Маяковский','1893-07-19'),(24,'Владимир Обручев','1863-09-28'),(25,'Габриэль Гарсиа','1927-03-06'),(26,'Даниель Дефо','1660-09-13'),(27,'Джек Лондон','1876-01-12'),(28,'Джордж Оруэлл','1903-06-25'),(29,'Иван Бунин','1870-10-22'),(30,'Иван Гончаров','1812-06-18'),(31,'Иван Крылов','1769-02-13'),(32,'Иван Тургенев','1818-11-09'),(33,'Иоганн Вольфганг','1749-08-28'),(34,'Кен Кизи','1935-09-17'),(35,'Лев Толстой','1828-09-09'),(36,'Марина Цветаева','1892-10-08'),(37,'Михаил Булгаков','1891-05-15'),(38,'Николай Гоголь','1809-04-01'),(39,'Николай Некрасов','1821-12-10'),(40,'Николай Чернышевский','1828-07-24'),(41,'Осип Мандельштам','1891-01-15'),(42,'Роберт Льюис','1850-11-13'),(43,'Рэй Брэдбери','1920-08-22'),(44,'Сергей Есенин','1895-10-03'),(45,'Станислав Лем','1921-09-12'),(46,'Уильям Шекспир','1594-04-26'),(47,'Федор Достоевский','1821-11-11'),(48,'Федор Тютчев','1803-12-05'),(49,'Эрих Мария','1898-06-22'),(50,'Эрнест Хемингуэй','1899-07-21'),(51,'Ярослав Гашек','1883-04-30'),(52,'Виктор Гюго','1802-02-26'),(53,'Михаил Булгаков','1891-05-15'),(54,'Михаил Лермонтов','1814-10-15'),(55,'Михаил Шолохов','1905-05-24');
/*!40000 ALTER TABLE `authors` ENABLE KEYS */;
UNLOCK TABLES;

--
-- Table structure for table `books`
--

DROP TABLE IF EXISTS `books`;
/*!40101 SET @saved_cs_client     = @@character_set_client */;
/*!50503 SET character_set_client = utf8mb4 */;
CREATE TABLE `books` (
  `code_book` int NOT NULL AUTO_INCREMENT,
  `book_title` varchar(40) CHARACTER SET utf8 COLLATE utf8_general_ci NOT NULL,
  `code_author` int NOT NULL,
  `pages` int NOT NULL,
  `code_publish` int NOT NULL,
  PRIMARY KEY (`code_book`),
  KEY `code_author` (`code_author`),
  KEY `code_publish` (`code_publish`),
  CONSTRAINT `books_ibfk_1` FOREIGN KEY (`code_author`) REFERENCES `authors` (`code_author`),
  CONSTRAINT `books_ibfk_2` FOREIGN KEY (`code_publish`) REFERENCES `publishing_house` (`code_publish`)
) ENGINE=InnoDB AUTO_INCREMENT=128 DEFAULT CHARSET=utf8mb4 COLLATE=utf8mb4_0900_ai_ci;
/*!40101 SET character_set_client = @saved_cs_client */;

--
-- Dumping data for table `books`
--

LOCK TABLES `books` WRITE;
/*!40000 ALTER TABLE `books` DISABLE KEYS */;
INSERT INTO `books` VALUES (1,'Человек-амфибия',1,329,903362),(2,'Голова профессора Доуэля',1,330,903363),(3,'Стихотворения и поэмы',2,409,903191),(4,'Горе от ума',3,348,903947),(5,'Бегущая по волнам',4,421,352183),(6,'Алые паруса',4,422,352184),(7,'Граф Монте-Кристо',5,327,903360),(8,'Олеся',6,413,903359),(9,'Гранатовый браслет',6,414,903360),(10,'Бесприданница',7,351,352125),(11,'Стихотворения. Сказки. Поэмы',8,529,352184),(12,'Евгений Онегин',8,593,352189),(13,'Капитанская дочка',8,343,903942),(14,'Дубровский',8,344,903943),(15,'Повести Белкина',8,345,903944),(16,'Хождение по мукам',9,832,90142),(17,'Петр Первый',9,406,94624),(18,'Стихотворения и поэмы',10,412,903358),(19,'Стихотворения и поэмы',11,429,352192),(20,'Повести и рассказы',12,326,903359),(21,'Драма на охоте',12,355,352128),(22,'Пьесы',12,356,352129),(23,'Маленький принц',13,375,352151),(24,'Стихотворения и поэмы',14,390,352149),(25,'Приключения Шерлока Холмса',15,357,352130),(26,'Возвращение Шерлока Холмса',15,358,352131),(27,'Стихотворения. Поэмы',16,340,903939),(28,'А зори здесь тихие',17,391,352150),(29,'В списках не значился',17,392,352151),(30,'Завтра была война',17,393,352152),(31,'Доктор Живаго',18,332,903931),(32,'Стихотворения и поэмы',18,424,352186),(33,'Белеет парус одинокий',19,386,352145),(34,'Два капитана',20,420,352182),(35,'Стихотворения и песни',21,380,352138),(36,'Москва и москвичи',22,335,903934),(37,'Стихотворения и поэмы',23,372,352148),(38,'Земля Санникова',24,415,903361),(39,'Сто лет одиночества',25,383,352141),(40,'Робинзон Крузо',26,399,352153),(41,'Белый Клык',27,408,903190),(42,'Мартин Иден',27,411,352),(43,'1984 Скотный двор',28,339,903938),(44,'Стихотворения ',29,334,903933),(45,'Темные аллеи',29,373,352149),(46,'Жизнь Арсеньева',29,374,352150),(47,'Обыкновенная история',30,321,903190),(48,'Обломов',30,347,903946),(49,'Басни',31,417,352178),(50,'Ася',32,377,267),(51,'Первая любовь',32,422,86983),(52,'Записки охотника',32,314,98147),(53,'Муму',32,315,221),(54,'Отцы и дети',32,331,86983),(55,'Рудин',32,418,352179),(56,'Дворянское гнездо',32,419,352181),(57,'Фауст',33,385,352144),(58,'Над кукушкиным гнездом',34,426,352189),(59,'Война и мир',35,336,221),(60,'Анна Каренина',35,932,98144),(61,'Воскресение',35,333,903932),(62,'Хаджи-Мурат',35,376,352152),(63,'Кавказский пленник',35,377,352153),(64,'Казаки',35,378,352134),(65,'Крейцерова соната',35,381,352139),(66,'Отец Сергий',35,382,352140),(67,'Детство. Отрочество. Юность',35,387,352146),(68,'Севастопольские рассказы',35,388,352147),(69,'Фальшивый купон',35,407,903189),(70,'Стихотворения и поэмы ',36,323,267),(71,'Мастер и Маргарита ',37,300,91103),(72,'Собачье сердце',37,317,223),(73,'Записки юного врача',37,318,94623),(74,'Белая гвардия',37,346,903945),(75,'Мертвые души ',38,664,91103),(76,'Вечера на хуторе близ Диканьки',38,336,903935),(77,' Миргород',38,337,903936),(78,'Петербургские повести',38,341,903940),(79,'Пьесы',38,342,903941),(80,'Кому на Руси жить хорошо',39,367,352142),(81,'Стихотворения. Поэмы',39,368,352144),(82,'Что делать?',40,410,267),(83,'Стихотворения',41,354,352127),(84,'Остров сокровищ',42,428,352191),(85,'451° по Фаренгейту',43,361,352134),(86,'Вино из одуванчиков',43,362,352136),(87,'451° по Фаренгейту',43,365,352140),(88,'Вино из одуванчиков',43,366,352141),(89,'Стихотворения и поэмы',44,319,94624),(90,'Солярис',45,389,352148),(91,'Ромео и Джульетта',46,400,98147),(92,'Гамлет',46,401,221),(93,'Король Лир',46,402,222),(94,'Сонеты',46,404,223),(95,'Преступление и наказание ',47,473,352181),(96,'Братья Карамазовы',47,743,93321),(97,'Идиот',47,316,222),(98,'Записки из Мертвого дома',47,324,352),(99,'Бесы',47,325,903358),(100,'Униженные и оскорбленные',47,338,903937),(101,'Записки из подполья',47,349,352123),(102,'Двойник',47,369,352145),(103,'Игрок',47,371,352147),(104,'Бедные люди',47,395,352153),(105,'Белые ночи',47,396,352150),(106,'Неточка Незванова',47,397,352151),(107,'Дядюшкин сон ',47,398,352152),(108,'Село Степанчиково и его обитатели',47,405,94623),(109,'Подросток',47,427,352190),(110,'Стихотворения',48,328,903361),(111,'Три товарища',49,322,903191),(112,'Триумфальная арка',49,353,352126),(113,'На западном фронте без перемен',49,384,352142),(114,'Черный обелиск',49,416,352177),(115,'Старик и море',50,350,352124),(116,'По ком звонит колокол',50,370,352146),(117,'Похождения бравого солдата Швейка',51,423,352185),(118,'Отверженные',52,320,903189),(119,'Собор Парижской Богоматери',52,394,352153),(120,'Бег',53,425,352187),(121,'Стихотворения. Поэмы',54,312,98145),(122,' Герой нашего времени ',54,313,98146),(123,'Донские рассказы',55,359,352132),(124,'Судьба человека',55,360,352133),(125,'Донские рассказы',55,363,352138),(126,'Судьба человека',55,364,352139),(127,'Тихий Дон',55,379,352136);
/*!40000 ALTER TABLE `books` ENABLE KEYS */;
UNLOCK TABLES;

--
-- Table structure for table `deliveries`
--

DROP TABLE IF EXISTS `deliveries`;
/*!40101 SET @saved_cs_client     = @@character_set_client */;
/*!50503 SET character_set_client = utf8mb4 */;
CREATE TABLE `deliveries` (
  `code_delivery` int NOT NULL AUTO_INCREMENT,
  `name_delivery` varchar(40) CHARACTER SET utf8 COLLATE utf8_general_ci DEFAULT NULL,
  `name_company` varchar(40) CHARACTER SET utf8 COLLATE utf8_general_ci NOT NULL,
  `address` varchar(80) CHARACTER SET utf8 COLLATE utf8_general_ci NOT NULL,
  `phone` varchar(40) CHARACTER SET utf8 COLLATE utf8_general_ci DEFAULT NULL,
  `inn` varchar(40) CHARACTER SET utf8 COLLATE utf8_general_ci DEFAULT NULL,
  PRIMARY KEY (`code_delivery`)
) ENGINE=InnoDB AUTO_INCREMENT=12 DEFAULT CHARSET=utf8mb4 COLLATE=utf8mb4_0900_ai_ci;
/*!40101 SET character_set_client = @saved_cs_client */;

--
-- Dumping data for table `deliveries`
--

LOCK TABLES `deliveries` WRITE;
/*!40000 ALTER TABLE `deliveries` DISABLE KEYS */;
INSERT INTO `deliveries` VALUES (1,NULL,'ИП «Примак Ю.П.»','Симферополь, ул. Кечкеметская, д.27','89781459491','10200020125'),(2,NULL,'ИП «Борисова Л.А.»','Москва Комсомольская пл. 1а, стр 15, ск  15','89167235223','7,715E+11'),(3,NULL,'ИП НОВОСЕЛОВ','Москва, 1-й Павелецкий проезд,2 а','84999135620','7,71584E+11'),(4,NULL,'ООО НЦ \"ЭНАС\"\"\"','Москва, Дербеневская набережная, дом 11','84959136620','111002001'),(5,NULL,'АО \"Тверская Областная Типография\"\" \"','Г ТВЕРЬ,ПЕРЕУЛОК СТУДЕНЧЕСКИЙ Д 28','84822343138','6950061549'),(6,NULL,'КНИЖНЫЙ СКЛАД','Белгород, Б.Хмельницкого пр., д.135 корп.1 эт.','84722358878','1,4579E+11');
/*!40000 ALTER TABLE `deliveries` ENABLE KEYS */;
UNLOCK TABLES;

--
-- Table structure for table `publishing_house`
--

DROP TABLE IF EXISTS `publishing_house`;
/*!40101 SET @saved_cs_client     = @@character_set_client */;
/*!50503 SET character_set_client = utf8mb4 */;
CREATE TABLE `publishing_house` (
  `code_publish` int NOT NULL AUTO_INCREMENT,
  `publish` varchar(100) CHARACTER SET utf8 COLLATE utf8_general_ci NOT NULL,
  `city` varchar(40) CHARACTER SET utf8 COLLATE utf8_general_ci DEFAULT NULL,
  PRIMARY KEY (`code_publish`)
) ENGINE=InnoDB AUTO_INCREMENT=903948 DEFAULT CHARSET=utf8mb4 COLLATE=utf8mb4_0900_ai_ci;
/*!40101 SET character_set_client = @saved_cs_client */;

--
-- Dumping data for table `publishing_house`
--

LOCK TABLES `publishing_house` WRITE;
/*!40000 ALTER TABLE `publishing_house` DISABLE KEYS */;
INSERT INTO `publishing_house` VALUES (221,'Memories','Москва'),(222,'Nota Bene','Москва'),(223,'Pubmix','Москва'),(267,'Аграф','Москва'),(352,'Азбука','Санкт-Петербург'),(86983,'Аквариум','Москва'),(90142,'Axioma','Санкт-Петербург'),(91103,'ABBYY Press','Москва'),(93321,'Ad Marginem','Москва'),(94623,'Абрис','Челябинск'),(94624,'Аванта+','Москва'),(98144,'EMERGENCY EXIT','Москва'),(98145,'Kolonna publications','Тверь'),(98146,'Livebook/Гаятри','Москва'),(98147,'Machina','Санкт-Петербург'),(352123,'Башкирское книжное издательство Китап','Уфа'),(352124,'Группа компаний Десяточка — издательство Белобережье','Брянск'),(352125,'Белые Альвы','Москва'),(352126,'Белый город','Москва'),(352127,'Бертельсманн Медиа Москау АО','Москва'),(352128,'Бест Бизнес Букс','Москва'),(352129,'Бином. Лаборатория знаний','Москва'),(352130,'БКИ','Екатеринбург'),(352131,'Большая Российская энциклопедия','Москва'),(352132,'ООО Книжный перекресток','Москва'),(352133,'БХВ-Петербург','Санкт-Петербург'),(352134,'Вагриус','Москва'),(352136,'Вако','Москва'),(352138,'Велигор','Москва'),(352139,'Вентана-Граф','Москва'),(352140,'Вербум-М','Москва'),(352141,'Вест-Консалтинг','Москва'),(352142,'Весь','Санкт-Петербург'),(352144,'Весь мир','Москва'),(352145,'Вече','Москва'),(352146,'Вешние воды','Орёл'),(352147,'Вильямс','Москва'),(352148,'Вита Нова','Санкт-Петербург'),(352149,'Владимир Даль','Санкт-Петербург'),(352150,'Владос','Москва'),(352151,'Водолей','Томск'),(352152,'Воениздат','Москва'),(352153,'Восток — Запад','Москва'),(352154,'Издательство Время','Москва'),(352155,'Вузовская книга','Москва'),(352156,'Высшая школа','Москва'),(352157,'Высшее образование','Москва'),(352158,'Ганга','Москва'),(352159,'Гардарики','Москва'),(352160,'Гелеос','Москва'),(352161,'Геликон Плюс','Санкт-Петербург'),(352162,'Генезис','Москва'),(352163,'Гео','Новосибирск'),(352164,'Гилея','Москва'),(352165,'Гиперион','Санкт-Петербург'),(352166,'Гиппо (Hippo Publishing Ltd)','Москва'),(352168,'Гнозис','Москва'),(352169,'Горбачёв-Фонд','Москва'),(352170,'Городец','Москва'),(352171,'Государственная публичная историческая библиотека','Москва'),(352172,'Гранд-ФАИР','Москва'),(352173,'ГроссМедиа Ферлаг','Москва'),(352174,'Издательский центр Гуманитарная Академия','Санкт-Петербург'),(352175,'ГЭОТАР-Медиа','Москва'),(352176,'ДАРЪ','Москва'),(352177,'Дашков и Ко','Москва'),(352178,'Издательство ДЕАН','Санкт-Петербург'),(352179,'Группа компаний Десяточка','Брянск'),(352181,'Детская литература','Москва'),(352182,'Диалектика','Москва'),(352183,'Директмедиа Паблишинг','Москва'),(352184,'Дмитрий Буланин','Санкт-Петербург'),(352185,'Добрая книга','Москва'),(352186,'Дом надежды','Москва'),(352187,'Дрофа','Москва'),(352189,'Евразия','Санкт-Петербург'),(352190,'Европа','Москва'),(352191,'Издательство Европейского Дома','Санкт-Петербург'),(352192,'Европейские издания','Москва'),(352193,'Захаров','Москва'),(352194,'Златоуст','Санкт-Петербург'),(352195,'Змей Горыныч','Москва'),(352196,'Знание','Москва'),(352197,'ФГУП Издательство Известия УДП РФ','Москва'),(352198,'Издательский Дом Панорама','Москва'),(352199,'Издательский Дом Регнум','Москва'),(352200,'Издательский Дом Мещерякова','Москва'),(352201,'Издательский Дом Мысль','Москва'),(352202,'Издательский дом Новости Югры','Ханты-Мансийск'),(352204,'издательства РАН','Москва'),(352205,'Издательство Вернера Регена','Санкт-Петербург'),(352206,'Издательство Ивана Лимбаха','Санкт-Петербург'),(352207,'Издательство МГУ','Москва'),(352208,'Издательство Российской национальной библиотеки','Москва'),(352209,'Издательство Санкт-Петербургского государственного университета (Unipress)','Санкт-Петербург'),(352210,'Издательство Сибирского Отделения Российской академии наук','Новосибирск'),(352211,'Импэто','Москва'),(352212,'ИНАПРЕСС','Санкт-Петербург'),(352213,'Индрик','Москва'),(352214,'Иностранка','Москва'),(352215,'Инфинити','Уфа'),(352216,'ИнформМед','Москва'),(352217,'Инфра-Инженерия','Москва'),(352218,'ИНФРА-М','Москва'),(352219,'ИРИСЭН','Москва'),(352220,'Искусство-Санкт-Петербург','Санкт-Петербург'),(352221,'ИТРК','Москва'),(352222,'Канон','Москва'),(352223,'Канон+','Москва'),(352224,'Карапуз','Москва'),(352225,'Каро','Санкт-Петербург'),(352226,'Издательский дом Кириллица','Брянск'),(352227,'Классика-XXI','Москва'),(352228,'Книжная палата','Москва'),(352229,'Книжный мир','Москва'),(352230,'Книжный сад','Москва'),(352231,'КноРус','Москва'),(352232,'КоЛибри','Москва'),(352233,'Издательский дом Коло','Санкт-Петербург'),(352234,'КолосС','Москва'),(352235,'Комикс','Москва'),(352236,'АО Комплект','Санкт-Петербург'),(352237,'Композитор','Москва'),(352238,'ЗАО Издательство „Композитор“ (Санкт-Петербург)','Санкт-Петербург'),(352239,'Коровакниги','Москва'),(352240,'Край Ра','Челябинск'),(352241,'Красный Матрос','Санкт-Петербург'),(352242,'Крылов','Санкт-Петербург'),(352243,'Культурная революция','Москва'),(352244,'Лабиринт','Москва'),(352245,'Научно-издательский центр „Ладомир“','Москва'),(352246,'Лань','Санкт-Петербург'),(352247,'Легион','Ростов-на-Дону'),(352248,'Лениздат','Санкт-Петербург'),(352249,'Летний сад','Москва'),(352250,'Лики России','Санкт-Петербург'),(352251,'Лимбус-Пресс','Санкт-Петербург'),(352252,'Линка-Пресс','Москва'),(352253,'ЛИСТОС','Иваново'),(352254,'Лицей','Саратов'),(352255,'Логос','Москва'),(352256,'ЛомоносовЪ','Москва'),(352257,'Лори','Москва'),(352258,'ЗАО Манн, Иванов и Фербер','Москва'),(352260,'МарТ','Ростов-на-Дону'),(352261,'Мартин','Москва'),(352262,'Махаон','Москва'),(352263,'Медицина','Москва'),(352264,'Медпрактика-М','Москва'),(352265,'Международные отношения','Москва'),(352266,'Мир','Москва'),(352267,'Мир и образование','Москва'),(352268,'Мир книги','Москва'),(352270,'Мирт','Санкт-Петербург'),(352271,'Мнемозина','Москва'),(352272,'МОЗАИКА-СИНТЕЗ','Москва'),(352273,'Молодая гвардия','Москва'),(352274,'Московский рабочий','Москва'),(352275,'Мысль','Москва'),(352276,'Наука','Москва'),(352277,'Нева','Санкт-Петербург'),(352279,'Ниола-пресс','Москва'),(352280,'Новое литературное обозрение','Москва'),(352281,'Новое издательство','Москва'),(352282,'Норма','Москва'),(352283,'Образование','Москва'),(352284,'ОГИ (Объединённое Гуманитарное Издательство)','Москва'),(352285,'ООО О-Краткое','Киров'),(352286,'Октопус','Москва'),(352287,'Олимп','Москва'),(352288,'Олимп-бизнес','Москва'),(352289,'ОЛМА Медиа Групп','Москва'),(352290,'Омега Пресс','Москва'),(352291,'Оникс','Москва'),(352292,'Остров','Санкт-Петербург'),(352293,'Открытые системы','Москва'),(352294,'Открытый мир','Москва'),(352295,'Пан пресс','Москва'),(352296,'Панорама (быв. изд-во ЦК КПСС Плакат)','Москва'),(352297,'Петербургское Востоковедение','Санкт-Петербург'),(352298,'Петроний','Санкт-Петербург'),(352299,'Издательский дом Питер','Санкт-Петербург'),(352301,'Планета','Москва'),(352302,'Издательство Санкт-ПетербургГПУ','Санкт-Петербург'),(352303,'Росмэн','Москва'),(352304,'Популярная литература','Москва'),(352305,'Правда / Пресса','Москва'),(352306,'Праксис','Москва'),(352307,'Практика','Москва'),(352308,'Прима Юнити','Москва'),(352309,'Прогресс','Москва'),(352310,'Прогресс-Традиция','Москва'),(352311,'Просвещение','Москва'),(352312,'Проспект','Москва'),(352313,'Проспект Науки','Санкт-Петербург'),(352314,'Профессия','Москва'),(352315,'Профессиональное издательство','Москва'),(352316,'Профиздат','Москва'),(352317,'Психотерапия','Москва'),(352318,'Радио и связь','Москва'),(352319,'Радиотехника','Москва'),(352320,'Радуга','Москва'),(352321,'Ренессанс','Москва'),(352322,'Республика','Москва'),(352323,'Ретро','Санкт-Петербург'),(352324,'Речь','Санкт-Петербург'),(352325,'Рипол-классик','Москва'),(352326,'Ровесник','Москва'),(352327,'Росмэн','Москва'),(352328,'Российское время','Москва'),(352330,'Росток','Санкт-Петербург'),(352331,'Русская панорама','Москва'),(352332,'Русская правда','Москва'),(352333,'Русский путь','Москва'),(352335,'Русский язык','Москва'),(352336,'Русское слово','Москва'),(352337,'РУССО','Москва'),(352338,'Сакура-пресс','Москва'),(352339,'Самовар','Москва'),(352340,'Самокат','Москва'),(352341,'Сварог и К','Москва'),(352342,'Свободное марксистское издательство','Москва'),(352343,'Сибирское университетское издательство','Новосибирск'),(352344,'Символ-Плюс','Санкт-Петербург'),(352345,'Симпозиум','Санкт-Петербург'),(352346,'ИТД Скифия','Санкт-Петербург'),(352347,'Славия','Санкт-Петербург'),(352348,'Слово','Москва'),(352349,'Смысл','Москва'),(352350,'Русская книга / Русская книга — XXI век','Москва'),(352351,'Советский писатель','Москва'),(352352,'Советский спорт','Москва'),(352353,'Советский художник / Галарт','Москва'),(352354,'Современник','Москва'),(352355,'Согласие','Москва'),(352356,'Сомбра','Москва'),(352357,'Социум','Челябинск'),(352358,'СпецЛит','Санкт-Петербург'),(352359,'Специальная Литература','Санкт-Петербург'),(352360,'Спорт и Культура','Москва'),(352361,'Стрекоза','Москва'),(352362,'Татарское книжное издательство','Казань'),(352363,'Текст','Москва'),(352365,'Терра','Москва'),(352369,'Терра Балтика','Калининград'),(352370,'Терра Фантастика','Москва'),(352371,'Территория будущего','Москва'),(352372,'Типолигон','Москва'),(352373,'Титул','Москва'),(352374,'Торнтон & Сагден','Москва'),(352375,'Трутень','Москва'),(352376,'Транспорт / Трансинфо','Москва'),(352377,'Удмуртия','Ижевск'),(352378,'Ультра. Культура','Екатеринбург'),(352379,'Университетская книга','Санкт-Петербург'),(352380,'Учитель','Волгоград'),(352381,'У-Фактория','Екатеринбург'),(352382,'Фабрика комиксов','Москва'),(352383,'Фантом-пресс','Москва'),(352384,'Феникс','Ростов-на-Дону'),(352385,'Физматкнига','Москва'),(352386,'Физматлит','Москва'),(352387,'Филологическое общество „СЛОВО“','Москва'),(352388,'Финансы и статистика','Москва'),(352389,'Финпресс','Москва'),(352390,'Фитон+','Москва'),(352391,'Фламинго','Москва'),(352392,'Флинта','Москва'),(352393,'Фонд Столярова','Москва'),(352394,'Фордевинд','Санкт-Петербург'),(352395,'Форум','Москва'),(352396,'Художественная литература','Москва'),(352397,'Центр Нарния','Москва'),(352398,'Центрполиграф','Москва'),(352401,'Чувашское книжное издательство','Чебоксары'),(352402,'Школьная Пресса','Москва'),(352403,'Эгмонт Россия','Москва'),(352404,'Эдиториал УРСС','Москва'),(352407,'Экзамен','Москва'),(352410,'Экономика','Москва'),(352411,'Экономистъ','Москва'),(352412,'Эксмо','Москва'),(352414,'Издательство Эллис Лак','Москва'),(352415,'ЭНАС','Москва'),(352416,'Эннеагон Пресс','Москва'),(352417,'Энциклопедия','Москва'),(352418,'Этерна','Москва'),(352419,'Ювента','Москва'),(352420,'Юнайтед Пресс','Москва'),(352421,'Юнипресс','Минск'),(352422,'ЮНИТИ','Минск'),(352423,'Юрайт','Минск'),(352424,'Юридическая литература','Минск'),(352425,'Юристъ','Минск'),(352426,'Языки славянской культуры','Москва'),(352428,'Яуза','Москва'),(352429,'Яхтсмен','Калининград'),(903189,'Аврора','Санкт-Петербург'),(903190,'Автограф века','Москва'),(903191,'Агра-Инрезерв','Москва'),(903358,'Ай Пи Эр Медиа','Саратов'),(903359,'Айрис-пресс','Москва'),(903360,'Академический проект','Москва'),(903361,'Академический проект','Санкт-Петербург'),(903362,'Издательский центр Академия','Москва'),(903363,'Академия Исследования Культуры','Санкт-Петербург'),(903931,'Алаборг','Санкт-Петербург'),(903932,'Алгоритм','Москва'),(903933,'Алетейя','Санкт-Петербург'),(903934,'Альва-Первая','Москва'),(903935,'Альпина Паблишер','Москва'),(903936,'Альфа-книга','Москва'),(903937,'Альфарет','Санкт-Петербург'),(903938,'Антология','Санкт-Петербург'),(903939,'Аркаим','Челябинск'),(903940,'АРКТИ','Москва'),(903941,'Арт-Родник','Москва'),(903942,'Аспект Пресс','Москва'),(903943,'АСТ-Пресс','Москва'),(903944,'Астрель-Санкт-Петербург','Санкт-Петербург'),(903945,'Аэтерна','Уфа'),(903946,'Баласс','Москва'),(903947,'Научное издательство Башкирская энциклопедия','Уфа');
/*!40000 ALTER TABLE `publishing_house` ENABLE KEYS */;
UNLOCK TABLES;

--
-- Table structure for table `purchases`
--

DROP TABLE IF EXISTS `purchases`;
/*!40101 SET @saved_cs_client     = @@character_set_client */;
/*!50503 SET character_set_client = utf8mb4 */;
CREATE TABLE `purchases` (
  `code_purchase` int NOT NULL AUTO_INCREMENT,
  `code_book` int NOT NULL,
  `date_order` date NOT NULL,
  `code_delivery` int NOT NULL,
  `type_purchase` varchar(40) CHARACTER SET utf8 COLLATE utf8_general_ci DEFAULT NULL,
  `cost` int NOT NULL,
  `amount` int NOT NULL,
  PRIMARY KEY (`code_purchase`),
  KEY `code_book` (`code_book`),
  KEY `code_delivery` (`code_delivery`),
  CONSTRAINT `purchases_ibfk_1` FOREIGN KEY (`code_book`) REFERENCES `books` (`code_book`),
  CONSTRAINT `purchases_ibfk_2` FOREIGN KEY (`code_delivery`) REFERENCES `deliveries` (`code_delivery`)
) ENGINE=InnoDB AUTO_INCREMENT=128 DEFAULT CHARSET=utf8mb4 COLLATE=utf8mb4_0900_ai_ci;
/*!40101 SET character_set_client = @saved_cs_client */;

--
-- Dumping data for table `purchases`
--

LOCK TABLES `purchases` WRITE;
/*!40000 ALTER TABLE `purchases` DISABLE KEYS */;
INSERT INTO `purchases` VALUES (1,1,'2011-01-20',1,NULL,112,20),(2,2,'2017-01-20',2,NULL,114,22),(3,3,'2011-01-20',3,NULL,116,24),(4,4,'2029-01-20',4,NULL,118,100),(5,5,'2017-01-20',5,NULL,120,28),(6,6,'2010-02-20',6,NULL,122,30),(7,7,'2017-01-20',2,NULL,124,32),(8,8,'2010-02-20',3,NULL,126,34),(9,9,'2010-02-20',4,NULL,128,36),(10,10,'2010-02-20',5,NULL,130,38),(11,11,'2012-03-20',6,NULL,132,40),(12,12,'2018-03-20',1,NULL,134,42),(13,13,'2024-03-20',2,NULL,136,44),(14,14,'2030-03-20',3,NULL,138,46),(15,15,'2005-04-20',4,NULL,140,48),(16,16,'2011-04-20',5,NULL,142,50),(17,17,'2017-04-20',6,NULL,144,52),(18,18,'2023-04-20',2,NULL,146,54),(19,19,'2029-04-20',3,NULL,148,56),(20,20,'2005-05-20',4,NULL,150,58),(21,21,'2011-05-20',1,NULL,152,60),(22,22,'2017-05-20',2,NULL,154,62),(23,23,'2023-05-20',3,NULL,156,64),(24,24,'2029-05-20',4,NULL,158,66),(25,25,'2004-06-20',5,NULL,160,68),(26,26,'2010-06-20',6,NULL,162,70),(27,27,'2016-06-20',2,NULL,164,72),(28,28,'2022-06-20',3,NULL,166,74),(29,29,'2028-06-20',4,NULL,168,76),(30,30,'2004-07-20',1,NULL,170,78),(31,31,'2010-07-20',2,NULL,172,80),(32,32,'2016-07-20',3,NULL,174,82),(33,33,'2022-07-20',4,NULL,176,84),(34,34,'2028-07-20',5,NULL,178,86),(35,35,'2003-08-20',6,NULL,180,88),(36,36,'2009-08-20',2,NULL,182,90),(37,37,'2015-08-20',3,NULL,184,92),(38,38,'2021-08-20',4,NULL,186,94),(39,39,'2027-08-20',5,NULL,188,96),(40,40,'2002-09-20',1,NULL,190,98),(41,41,'2008-09-20',2,NULL,192,100),(42,42,'2014-09-20',3,NULL,194,102),(43,43,'2020-09-20',4,NULL,196,104),(44,44,'2026-09-20',5,NULL,198,106),(45,45,'2002-10-20',6,NULL,200,108),(46,46,'2008-10-20',2,NULL,202,110),(47,47,'2014-10-20',3,NULL,204,112),(48,48,'2020-10-20',4,NULL,206,114),(49,49,'2026-10-20',5,NULL,208,116),(50,50,'2001-11-20',6,NULL,210,118),(51,51,'2007-11-20',1,NULL,212,120),(52,52,'2013-11-20',2,NULL,214,122),(53,53,'2019-11-20',3,NULL,216,124),(54,54,'2025-11-20',4,NULL,218,126),(55,55,'2001-12-20',5,NULL,220,128),(56,56,'2007-12-20',6,NULL,222,130),(57,57,'2013-12-20',2,NULL,224,132),(58,58,'2019-12-20',3,NULL,226,134),(59,59,'2025-12-20',4,NULL,228,136),(60,60,'2031-12-20',1,NULL,230,138),(61,61,'2006-01-20',2,NULL,232,140),(62,62,'2012-01-20',3,NULL,234,142),(63,63,'2018-01-20',4,NULL,236,144),(64,64,'2024-01-20',5,NULL,238,146),(65,65,'2030-01-20',6,NULL,240,148),(66,66,'2005-02-20',2,NULL,242,150),(67,67,'2011-02-20',3,NULL,244,152),(68,68,'2017-02-20',4,NULL,246,154),(69,69,'2023-02-20',1,NULL,248,156),(70,70,'2001-03-20',2,NULL,250,158),(71,71,'2007-03-20',3,NULL,252,160),(72,72,'2013-03-20',4,NULL,254,162),(73,73,'2019-03-20',5,NULL,256,164),(74,74,'2025-03-20',6,NULL,258,166),(75,75,'2031-03-20',1,NULL,260,168),(76,76,'2006-04-20',2,NULL,262,170),(77,77,'2012-04-20',3,NULL,264,172),(78,78,'2018-04-20',4,NULL,266,174),(79,79,'2024-04-20',5,NULL,268,176),(80,80,'2030-04-20',6,NULL,270,178),(81,81,'2006-05-20',2,NULL,272,180),(82,82,'2012-05-20',3,NULL,274,182),(83,83,'2018-05-20',4,NULL,276,184),(84,84,'2024-05-20',5,NULL,278,186),(85,85,'2030-05-20',6,NULL,280,188),(86,86,'2005-06-20',1,NULL,282,190),(87,87,'2011-06-20',2,NULL,284,192),(88,88,'2017-06-20',3,NULL,286,194),(89,89,'2023-06-20',4,NULL,288,196),(90,90,'2029-06-20',5,NULL,290,198),(91,91,'2005-07-20',6,NULL,292,200),(92,92,'2011-07-20',2,NULL,294,202),(93,93,'2017-07-20',3,NULL,296,204),(94,94,'2023-07-20',4,NULL,298,206),(95,95,'2029-07-20',1,NULL,300,208),(96,96,'2004-08-20',2,NULL,302,210),(97,97,'2010-08-20',3,NULL,304,212),(98,98,'2016-08-20',4,NULL,306,214),(99,99,'2022-08-20',5,NULL,308,216),(100,100,'2028-08-20',6,NULL,310,218),(101,101,'2003-09-20',2,NULL,312,220),(102,102,'2009-09-20',3,NULL,314,222),(103,103,'2015-09-20',4,NULL,316,224),(104,104,'2021-09-20',1,NULL,318,226),(105,105,'2027-09-20',2,NULL,320,228),(106,106,'2003-10-20',3,NULL,322,230),(107,107,'2009-10-20',4,NULL,324,232),(108,108,'2015-10-20',5,NULL,326,234),(109,109,'2021-10-20',6,NULL,328,236),(110,110,'2027-10-20',1,NULL,330,238),(111,111,'2002-11-20',2,NULL,332,240),(112,112,'2008-11-20',3,NULL,334,242),(113,113,'2014-11-20',4,NULL,336,244),(114,114,'2020-11-20',5,NULL,338,246),(115,115,'2026-11-20',6,NULL,340,248),(116,116,'2002-12-20',2,NULL,342,250),(117,117,'2008-12-20',3,NULL,344,252),(118,118,'2014-12-20',4,NULL,346,254),(119,119,'2020-12-20',5,NULL,348,256),(120,120,'2026-12-20',6,NULL,350,258),(121,121,'2001-01-20',1,NULL,352,260),(122,122,'2007-01-20',2,NULL,354,262),(123,123,'2013-01-20',3,NULL,356,264),(124,124,'2019-01-20',4,NULL,358,266),(125,125,'2025-01-20',5,NULL,360,268),(126,126,'2031-01-20',6,NULL,362,270),(127,127,'2006-02-20',2,NULL,364,272);
/*!40000 ALTER TABLE `purchases` ENABLE KEYS */;
UNLOCK TABLES;
/*!40103 SET TIME_ZONE=@OLD_TIME_ZONE */;

/*!40101 SET SQL_MODE=@OLD_SQL_MODE */;
/*!40014 SET FOREIGN_KEY_CHECKS=@OLD_FOREIGN_KEY_CHECKS */;
/*!40014 SET UNIQUE_CHECKS=@OLD_UNIQUE_CHECKS */;
/*!40101 SET CHARACTER_SET_CLIENT=@OLD_CHARACTER_SET_CLIENT */;
/*!40101 SET CHARACTER_SET_RESULTS=@OLD_CHARACTER_SET_RESULTS */;
/*!40101 SET COLLATION_CONNECTION=@OLD_COLLATION_CONNECTION */;
/*!40111 SET SQL_NOTES=@OLD_SQL_NOTES */;

-- Dump completed on 2021-10-06 15:01:46
